nom_fichier,station,id,longitude,latitude,altitude,departement
ABBEVILLE,ABBEVILLE,80001005.0,1.835,50.106667,68.0,80.0
ACHERES,ACHERES,78005002.0,2.126,48.983167,31.0,78.0
AEROPORT_METZNANCYLORRAINE,AEROPORT_METZNANCYLORRAINE,57251001.0,6.243167,48.979333,260.0,57.0
AGENLA_GARENNE,AGENLA_GARENNE,47091001.0,0.594667,44.172167,58.0,47.0
AIGUESMORTES,AIGUESMORTES,30003001.0,4.207,43.537167,1.0,30.0
AILLEVILLE_SAPC,AILLEVILLE_SAPC,10002001.0,4.685667,48.254167,195.0,10.0
AIXLES_MILLES,AIXLES_MILLES,13001006.0,5.365667,43.504667,106.0,13.0
AJACCIO,AJACCIO,20004002.0,8.792667,41.918,5.0,20.0
ALAIGNE,ALAIGNE,11004001.0,2.098333,43.1125,293.0,11.0
ALBA_SA,ALBA_SA,7005002.0,4.582833,44.538833,223.0,7.0
ALBERTVILLE_JO,ALBERTVILLE_JO,73011004.0,6.371833,45.662333,332.0,73.0
ALBI,ALBI,81004006.0,2.141667,43.928333,170.0,81.0
ALBON,ALBON,26002003.0,4.822333,45.252333,153.0,26.0
ALISTRO,ALISTRO,20303002.0,9.5415,42.259667,65.0,20.0
ALLOS_SAPC,ALLOS_SAPC,4006005.0,6.625333,44.2425,1400.0,4.0
AMBERIEU,AMBERIEU,1089001.0,5.329333,45.9765,250.0,1.0
AMBERT,AMBERT,63003004.0,3.742667,45.516833,555.0,63.0
AMBOISE_LYCEE,AMBOISE_LYCEE,37003004.0,0.977,47.394167,116.0,37.0
AMIENSGLISY,AMIENSGLISY,80379002.0,2.3825,49.872,60.0,80.0
AMILLY,AMILLY,45004001.0,2.728,47.962167,91.0,45.0
ANGOULEME_BRIE_CHAMPNIERS,ANGOULEME_BRIE_CHAMPNIERS,16078001.0,0.220667,45.728,124.0,16.0
ANGRIE,ANGRIE,49008001.0,-0.970333,47.561667,65.0,49.0
ANNONAY,ANNONAY,7010001.0,4.6705,45.246167,336.0,7.0
ANSE_DARLET,ANSE_DARLET,97202002.0,-61.067667,14.466333,7.0,972.0
ANZATLELUGUET_SAPC,ANZATLELUGUET_SAPC,63006002.0,3.016,45.320167,1270.0,63.0
APT,APT,84003003.0,5.381833,43.892,222.0,84.0
ARBENT,ARBENT,1014001.0,5.65,46.266667,535.0,1.0
ARBOIS_SAPC,ARBOIS_SAPC,39013004.0,5.740167,46.896,313.0,39.0
ARBRISSEL,ARBRISSEL,35005001.0,-1.297333,47.927333,75.0,35.0
ARCHAMPS,ARCHAMPS,74016001.0,6.140167,46.131833,560.0,74.0
ARGENTAN,ARGENTAN,61006005.0,0.0115,48.718167,170.0,61.0
ARGENTAT,ARGENTAT,19010001.0,1.9375,45.101333,190.0,19.0
ARGERS,ARGERS,51015001.0,4.849833,49.064333,152.0,51.0
ARLES,ARLES,13004003.0,4.693833,43.51,1.0,13.0
ARVIEUX,ARVIEUX,5007003.0,6.728,44.796,1825.0,5.0
ASCROS,ASCROS,6005001.0,7.013667,43.922,1173.0,6.0
AUBIGNYSURNERE,AUBIGNYSURNERE,18015003.0,2.427333,47.4995,176.0,18.0
AUCH,AUCH,32013005.0,0.601167,43.689,122.0,32.0
AUPS,AUPS,83007004.0,6.1875,43.641,497.0,83.0
AVIGNON,AVIGNON,84007005.0,4.9025,43.911333,34.0,84.0
AVIZECIVC,AVIZECIVC,51029004.0,4.01,48.978,175.0,51.0
AVORD,AVORD,18092001.0,2.642167,47.052167,175.0,18.0
AVREE,AVREE,58019001.0,3.905,46.820667,302.0,58.0
AYZE,AYZE,74024001.0,6.431333,46.0795,449.0,74.0
BALEMULHOUSE,BALEMULHOUSE,68297001.0,7.51,47.614333,263.0,68.0
BARCELONNETTE,BARCELONNETTE,4019005.0,6.65,44.388333,1135.0,4.0
BASSURELS,BASSURELS,48020003.0,3.630667,44.1965,1042.0,48.0
BASTIA,BASTIA,20148001.0,9.485167,42.540667,10.0,20.0
BAUDEMONT_SAPC,BAUDEMONT_SAPC,71022001.0,4.296667,46.2765,337.0,71.0
BEAUCOUZE,BEAUCOUZE,49020001.0,-0.614333,47.479,50.0,49.0
BEAUMONT_EN_A,BEAUMONT_EN_A,14055002.0,0.090833,49.256167,140.0,14.0
BEAUMONT_SAPC,BEAUMONT_SAPC,37023002.0,1.211667,47.177167,126.0,37.0
BEAUVAISTILLE,BEAUVAISTILLE,60639001.0,2.127167,49.4465,89.0,60.0
BEDARIEUX,BEDARIEUX,34028001.0,3.156667,43.615,224.0,34.0
BELCAIRE,BELCAIRE,11028001.0,1.968167,42.8195,980.0,11.0
BELEP_AEROD,BELEP_AEROD,98801001.0,163.661,-19.719833,88.0,988.0
BELFORT,BELFORT,90010001.0,6.876,47.629333,422.0,90.0
BELLEGARDEEND,BELLEGARDEEND,26047001.0,5.454333,44.535167,1017.0,26.0
BELMONT,BELMONT,67513001.0,7.276667,48.411667,1069.0,67.0
BERG,BERG,67029001.0,7.151667,48.884333,350.0,67.0
BERNAY,BERNAY,72033002.0,-0.058333,48.071667,77.0,72.0
BERNIERES,BERNIERES,14066001.0,-0.430667,49.334,2.0,14.0
BESANCON,BESANCON,25056001.0,5.988833,47.249,307.0,25.0
BESIGNAN,BESIGNAN,26050001.0,5.317,44.3205,556.0,26.0
BESSEETSTANA,BESSEETSTANA,63038001.0,2.939167,45.507667,1050.0,63.0
BESSEY,BESSEY,21065001.0,4.743167,47.086,593.0,21.0
BEZIERSVIAS,BEZIERSVIAS,34209002.0,3.352667,43.322,15.0,34.0
BIARRITZPAYSBASQUE,BIARRITZPAYSBASQUE,64024001.0,-1.534333,43.469333,71.0,64.0
BIGNAN,BIGNAN,56017002.0,-2.766667,47.883333,160.0,56.0
BISCARROSSE,BISCARROSSE,40046001.0,-1.2475,44.431667,35.0,40.0
BLANCARCI,BLANCARCI,36018004.0,1.088333,46.625,108.0,36.0
BLOIS,BLOIS,41281001.0,1.212333,47.6785,119.0,41.0
BLOYE,BLOYE,74035001.0,5.944667,45.821667,375.0,74.0
BOCOGNANO,BOCOGNANO,20040004.0,9.103333,42.104167,1019.0,20.0
BOEN_SUR_LIGNON,BOEN_SUR_LIGNON,42019004.0,4.007333,45.756333,448.0,42.0
BOIGNEVILLE,BOIGNEVILLE,91069001.0,2.381167,48.3255,115.0,91.0
BORDEAUXMERIGNAC,BORDEAUXMERIGNAC,33281001.0,-0.691333,44.830667,47.0,33.0
BORINDI,BORINDI,98829003.0,166.4915,-21.796333,5.0,988.0
BORS,BORS,16052001.0,0.118333,45.346667,94.0,16.0
BOUELLES,BOUELLES,76130001.0,1.5025,49.733167,232.0,76.0
BOULLEVILLE,BOULLEVILLE,27100001.0,0.392833,49.361,122.0,27.0
BOURDEAUX,BOURDEAUX,26056001.0,5.142833,44.580167,432.0,26.0
BOURGANEUF,BOURGANEUF,23030004.0,1.725833,45.942333,513.0,23.0
BOURGARGENTAL,BOURGARGENTAL,42023004.0,4.5735,45.298667,514.0,42.0
BOURGES,BOURGES,18033001.0,2.359833,47.059167,161.0,18.0
BOURGOIN,BOURGOIN,38053001.0,5.265,45.605,254.0,38.0
BOURG_ST_MAURICE,BOURG_ST_MAURICE,73054001.0,6.763333,45.612667,865.0,73.0
BOUSSAC_SAPC,BOUSSAC_SAPC,23031002.0,2.228333,46.343333,380.0,23.0
BOUYSURORVIN,BOUYSURORVIN,10057001.0,3.504833,48.439833,102.0,10.0
BRANNE_SAPC,BRANNE_SAPC,25087002.0,6.472167,47.378,287.0,25.0
BRECEY,BRECEY,50074001.0,-1.1715,48.728833,63.0,50.0
BREIL_SUR_ROYA,BREIL_SUR_ROYA,6023004.0,7.513667,43.940167,305.0,6.0
BRESTGUIPAVAS,BRESTGUIPAVAS,29075001.0,-4.391167,48.453833,92.0,29.0
BRIGNOGAN,BRIGNOGAN,29021001.0,-4.331,48.6765,9.0,29.0
BRINDAS,BRINDAS,69028001.0,4.693167,45.713333,317.0,69.0
BRIVESOUILLAC,BRIVESOUILLAC,19147001.0,1.491667,45.036333,295.0,19.0
BUIS_BARONNIES,BUIS_BARONNIES,26063002.0,5.270667,44.277833,390.0,26.0
BUZANCY_SAPC,BUZANCY_SAPC,8089003.0,4.9645,49.427333,199.0,8.0
BU_SAPC,BU_SAPC,28064002.0,1.493167,48.8015,132.0,28.0
CADAUJACINRAE,CADAUJACINRAE,33080001.0,-0.559333,44.752833,20.0,33.0
CADENET,CADENET,84026003.0,5.353,43.718833,152.0,84.0
CAENCARPIQUET,CAENCARPIQUET,14137001.0,-0.456167,49.18,67.0,14.0
CAMBRAIEPINOY,CAMBRAIEPINOY,62298001.0,3.163833,50.2255,76.0,62.0
CAMPS,CAMPS,19034001.0,1.988333,44.983667,519.0,19.0
CAPBRETON,CAPBRETON,40065002.0,-1.453333,43.627333,11.0,40.0
CAPDELAHEVE,CAPDELAHEVE,76552001.0,0.071167,49.509,100.0,76.0
CAP_BEAR,CAP_BEAR,66148001.0,3.133667,42.515333,82.0,66.0
CAP_CORSE,CAP_CORSE,20107001.0,9.3595,43.003833,72.0,20.0
CARCASSONNE,CARCASSONNE,11069001.0,2.2955,43.215333,128.0,11.0
CARDET,CARDET,30068001.0,4.079667,44.021,109.0,30.0
CARPENTRAS,CARPENTRAS,84031001.0,5.058333,44.083667,98.0,84.0
CARROS_SAPC,CARROS_SAPC,6033002.0,7.209167,43.786667,78.0,6.0
CARSPACH,CARSPACH,68062001.0,7.212833,47.632,332.0,68.0
CASSIS,CASSIS,13022003.0,5.503167,43.222167,212.0,13.0
CASTANET,CASTANET,81061001.0,2.023333,43.986667,275.0,81.0
CASTELNAUDARY,CASTELNAUDARY,11076003.0,1.953333,43.316667,160.0,11.0
CAVAILLON,CAVAILLON,84035003.0,5.032333,43.8565,70.0,84.0
CAYENNEMATOURY,CAYENNEMATOURY,97307001.0,-52.365333,4.822333,4.0,973.0
CAYLUS,CAYLUS,82038001.0,1.78,44.235,220.0,82.0
CAZATS,CAZATS,33116001.0,-0.186167,44.463167,114.0,33.0
CAZAUX,CAZAUX,33529001.0,-1.132,44.534667,23.0,33.0
CELLESSURDURO,CELLESSURDURO,63066001.0,3.638333,45.886667,670.0,63.0
CELLESSUROURCE,CELLESSUROURCE,10070001.0,4.411333,48.0675,275.0,10.0
CERISY_LA_SALLE,CERISY_LA_SALLE,50111001.0,-1.298167,49.036333,134.0,50.0
CESSY,CESSY,1071001.0,6.080333,46.310333,507.0,1.0
CHALET_REYNARD,CHALET_REYNARD,84017006.0,5.319667,44.151167,1455.0,84.0
CHALMAZEL,CHALMAZEL,42039002.0,3.853167,45.705,855.0,42.0
CHALMAZEL_RA,CHALMAZEL_RA,42039003.0,3.844,45.699,990.0,42.0
CHALONCHAMPFO,CHALONCHAMPFO,71081001.0,4.825667,46.827,187.0,71.0
CHAMONIX,CHAMONIX,74056001.0,6.8775,45.9295,1042.0,74.0
CHAMPAGNOLE,CHAMPAGNOLE,39097003.0,5.886,46.756833,537.0,39.0
CHAMPENOUXARBOINRAE,CHAMPENOUXARBOINRAE,54113002.0,6.340167,48.750667,255.0,54.0
CHANNAY_LATHAN,CHANNAY_LATHAN,37055002.0,0.255333,47.4795,87.0,37.0
CHAPELLEDANG_SAPC,CHAPELLEDANG_SAPC,18047001.0,2.426667,47.373833,190.0,18.0
CHAPELLEENVERCORS_SAPC,CHAPELLEENVERCORS_SAPC,26074001.0,5.422167,44.9615,879.0,26.0
CHAPELLEGUILLAUME_SAPC,CHAPELLEGUILLAUME_SAPC,28078001.0,0.905833,48.112,197.0,28.0
CHAPET,CHAPET,78140001.0,1.924667,48.964333,42.0,78.0
CHARLEVILLEMEZ,CHARLEVILLEMEZ,8105005.0,4.643167,49.782833,145.0,8.0
CHARMES_SAPC,CHARMES_SAPC,3061001.0,3.233667,46.0635,330.0,3.0
CHASTREIX,CHASTREIX,63098001.0,2.7745,45.533,1385.0,63.0
CHATEAUDOLONNE,CHATEAUDOLONNE,85060002.0,-1.725833,46.477167,27.0,85.0
CHATEAUDUN,CHATEAUDUN,28198001.0,1.376333,48.061333,126.0,28.0
CHATEAUROUX_DEOLS,CHATEAUROUX_DEOLS,36063001.0,1.741,46.869833,158.0,36.0
CHATEAU_CHINON,CHATEAU_CHINON,58062001.0,3.934333,47.070333,598.0,58.0
CHATILLONCIVC,CHATILLONCIVC,51136003.0,3.7595,49.098667,153.0,51.0
CHAUMONTSEMOUTIERS,CHAUMONTSEMOUTIERS,52469001.0,5.046,48.092167,294.0,52.0
CHEILLE,CHEILLE,37067003.0,0.403833,47.260833,60.0,37.0
CHEVRYCOSSIGNY,CHEVRYCOSSIGNY,77114002.0,2.678833,48.707833,103.0,77.0
CHINON_VITI,CHINON_VITI,37072002.0,0.233833,47.184333,76.0,37.0
CHIROUBLES,CHIROUBLES,69058002.0,4.667167,46.182667,415.0,69.0
CHISSEYLESMACON,CHISSEYLESMACON,71130002.0,4.723,46.520833,254.0,71.0
CHOLET,CHOLET,49099004.0,-0.891667,46.996667,130.0,49.0
CHOUE,CHOUE,41053001.0,0.912833,47.969167,163.0,41.0
CHOUILLY,CHOUILLY,51153001.0,3.981667,49.017833,172.0,51.0
CIRFONTAINES_SAPC,CIRFONTAINES_SAPC,52131002.0,5.394667,48.456167,379.0,52.0
CIVRAY,CIVRAY,86078002.0,0.298667,46.160333,143.0,86.0
CLAMECY,CLAMECY,58079004.0,3.509,47.441,215.0,58.0
CLARAC,CLARAC,31147001.0,0.617333,43.106,401.0,31.0
CLERMONTFD,CLERMONTFD,63113001.0,3.149333,45.786833,331.0,63.0
COGOLIN_SAPC,COGOLIN_SAPC,83042001.0,6.510333,43.261667,31.0,83.0
COLMARINRAE,COLMARINRAE,68066001.0,7.33,48.063333,202.0,68.0
COLMAR_HOUSS,COLMAR_HOUSS,68066004.0,7.3605,48.1095,192.0,68.0
COLOGNAC,COLOGNAC,30087002.0,3.825,44.021833,589.0,30.0
COLOMBELAFOSSECIVC,COLOMBELAFOSSECIVC,10102001.0,4.779667,48.261667,252.0,10.0
COLOMBIER_VIEUX_SA,COLOMBIER_VIEUX_SA,7069001.0,4.698,45.063667,408.0,7.0
COLTINES,COLTINES,15053001.0,2.990667,45.074667,979.0,15.0
COL_DE_LA_LOGE_SAPC,COL_DE_LA_LOGE_SAPC,42040001.0,3.780333,45.743833,1261.0,42.0
COL_REPUBLIQUE,COL_REPUBLIQUE,42224003.0,4.470833,45.352667,1071.0,42.0
COMBLOUX,COMBLOUX,74083001.0,6.643333,45.898333,940.0,74.0
COMPSSURARTUBY,COMPSSURARTUBY,83044003.0,6.471333,43.658833,892.0,83.0
CONTAMINESUR_ARVE,CONTAMINESUR_ARVE,74087001.0,6.34,46.128667,452.0,74.0
COULANS,COULANS,25223002.0,6.0205,47.023333,468.0,25.0
COURDIMANCHE,COURDIMANCHE,95183001.0,2.001667,49.033333,54.0,95.0
COURPIERE,COURPIERE,63125001.0,3.533333,45.75,325.0,63.0
CREON_DARMAGNAC,CREON_DARMAGNAC,40087001.0,-0.045,43.9935,150.0,40.0
CRETDEOEILLON,CRETDEOEILLON,42168004.0,4.6105,45.392667,1370.0,42.0
CRUVIERSLASCOURS,CRUVIERSLASCOURS,30100001.0,4.200333,44.0025,103.0,30.0
CUNAC,CUNAC,81074001.0,2.225,43.921667,256.0,81.0
DAMBLAINVILLE,DAMBLAINVILLE,14216001.0,-0.148667,48.928,155.0,14.0
DAMMARTIN_DDE,DAMMARTIN_DDE,77153003.0,2.704167,49.062167,111.0,77.0
DAUPHIN,DAUPHIN,4068001.0,5.767167,43.909833,427.0,4.0
DAX,DAX,40088002.0,-1.055,43.706667,15.0,40.0
DEAUX,DEAUX,30101001.0,4.143667,44.071833,185.0,30.0
DEUXVERGES,DEUXVERGES,15060002.0,3.012667,44.8015,1080.0,15.0
DIEPPE,DIEPPE,76217001.0,1.09,49.932833,40.0,76.0
DIGNE_LES_BAINS,DIGNE_LES_BAINS,4070009.0,6.186667,44.07,554.0,4.0
DIJONLONGVIC,DIJONLONGVIC,21473001.0,5.088333,47.267833,219.0,21.0
DINARD,DINARD,35228001.0,-2.076333,48.584833,65.0,35.0
DIVAJEU,DIVAJEU,26115001.0,4.990333,44.726833,175.0,26.0
DONCOURTLESCONFLANS,DONCOURTLESCONFLANS,54171001.0,5.929333,49.1535,235.0,54.0
DORANS,DORANS,90035001.0,6.837,47.591667,401.0,90.0
DOURDAN,DOURDAN,91200002.0,1.993,48.526167,116.0,91.0
DOUVAINE_SA,DOUVAINE_SA,74105002.0,6.318333,46.302333,470.0,74.0
DRAGUIGNAN_SAPC,DRAGUIGNAN_SAPC,83050007.0,6.453333,43.526167,173.0,83.0
DURANCE,DURANCE,47085001.0,0.1625,44.154333,142.0,47.0
DURBANCORBIERES,DURBANCORBIERES,11124003.0,2.819167,42.993167,120.0,11.0
ECTOT_LES_BAONS,ECTOT_LES_BAONS,76228001.0,0.816667,49.646667,150.0,76.0
EGLETONS,EGLETONS,19073006.0,2.059167,45.398833,610.0,19.0
EPEHY_SAPC,EPEHY_SAPC,80271002.0,3.1215,50.001167,117.0,80.0
EPENOY,EPENOY,25219002.0,6.366333,47.127167,752.0,25.0
ERNEE,ERNEE,53096004.0,-0.9625,48.295667,168.0,53.0
ERNEVILLE_AUX_BOIS_SAPC,ERNEVILLE_AUX_BOIS_SAPC,55179001.0,5.403833,48.7495,313.0,55.0
ETEAUX,ETEAUX,74116002.0,6.275667,46.063,805.0,74.0
EVIAN,EVIAN,74119002.0,6.5665,46.3965,395.0,74.0
EYMOUTIERS,EYMOUTIERS,87064005.0,1.701167,45.733833,557.0,87.0
EZE,EZE,6059003.0,7.365833,43.738833,704.0,6.0
FAAA,FAAA,98715002.0,-149.614333,-17.555167,2.0,987.0
FAGNIERESINRAE,FAGNIERESINRAE,51242001.0,4.3085,48.939833,105.0,51.0
FANJEAUX_SAPC,FANJEAUX_SAPC,11136001.0,2.07,43.202,182.0,11.0
FAUGERES,FAUGERES,7088001.0,4.136167,44.474667,430.0,7.0
FERRIERELARCON,FERRIERELARCON,37107001.0,0.875,46.9875,116.0,37.0
FIGARI,FIGARI,20114002.0,9.103667,41.505167,20.0,20.0
FIRMINY,FIRMINY,42095001.0,4.2885,45.378167,515.0,42.0
FONDETTES,FONDETTES,37109001.0,0.604167,47.425333,93.0,37.0
FONTAINEGUERIN,FONTAINEGUERIN,49138001.0,-0.167833,47.493167,41.0,49.0
FORMIGUERES,FORMIGUERES,66082004.0,2.111333,42.616,1495.0,66.0
FORTDEFRANCE_DESAIX,FORTDEFRANCE_DESAIX,97209004.0,-61.063833,14.617667,143.0,972.0
FORTDEFRANCE_LOUIS,FORTDEFRANCE_LOUIS,97209018.0,-61.066,14.598333,16.0,972.0
FORTFRANCE_DIDIER,FORTFRANCE_DIDIER,97209009.0,-61.0925,14.659167,215.0,972.0
FREJUS,FREJUS,73157004.0,6.674167,45.193667,1228.0,73.0
FREJUS_METRO,FREJUS_METRO,,,,,
FRESNAYEAUSAUVAGE_SAPC,FRESNAYEAUSAUVAGE_SAPC,61179001.0,-0.263667,48.722333,229.0,61.0
FROTEY_SAPC,FROTEY_SAPC,70261001.0,6.1965,47.639167,360.0,70.0
GATUZIERES_SAPC,GATUZIERES_SAPC,48069001.0,3.499,44.195333,965.0,48.0
GELLES,GELLES,63163001.0,2.799333,45.7535,784.0,63.0
GENOLHAC,GENOLHAC,30130001.0,3.9615,44.342833,519.0,30.0
GENOUILLAC,GENOUILLAC,23089001.0,1.985,46.352333,306.0,23.0
GER,GER,64238001.0,-0.083833,43.238333,410.0,64.0
GERMAINECIVC,GERMAINECIVC,51266002.0,4.032333,49.123167,172.0,51.0
GERVANS,GERVANS,26380002.0,4.828833,45.1125,157.0,26.0
GIEVILLE,GIEVILLE,50202001.0,-0.970333,49.0135,134.0,50.0
GILLOTAEROPORT,GILLOTAEROPORT,97418110.0,55.528667,-20.892167,8.0,974.0
GLANDAGE_SAPC,GLANDAGE_SAPC,26142001.0,5.615167,44.674667,1007.0,26.0
GONNEVILLE,GONNEVILLE,50209001.0,-1.4635,49.652667,134.0,50.0
GOURDON,GOURDON,46127001.0,1.396667,44.745,260.0,46.0
GRAMMOND_SAPC,GRAMMOND_SAPC,42102002.0,4.442833,45.564833,803.0,42.0
GRANES,GRANES,11168001.0,2.2505,42.909167,420.0,11.0
GRENOBLEST_GEOIRS,GRENOBLEST_GEOIRS,38384001.0,5.313333,45.364,384.0,38.0
GRENOBLE_LVD,GRENOBLE_LVD,38538002.0,5.8485,45.217167,220.0,38.0
GREZENBOUERE,GREZENBOUERE,53110002.0,-0.542333,47.891,93.0,53.0
GROSMORNE_BOISLEZ,GROSMORNE_BOISLEZ,97212007.0,-61.042167,14.725,441.0,972.0
GROSPIERRES_SA,GROSPIERRES_SA,7101002.0,4.295833,44.4115,107.0,7.0
GUEUGNON,GUEUGNON,71230002.0,4.020833,46.598167,305.0,71.0
GUILLY,GUILLY,36085001.0,1.757,47.072667,135.0,36.0
HIHIFO,HIHIFO,98613001.0,-176.194167,-13.239833,30.0,986.0
HIVAOA,HIVAOA,98723001.0,-139.035667,-9.806,51.0,987.0
HOUAILOU_P,HOUAILOU_P,98808001.0,165.628,-21.278333,11.0,988.0
HUMIERES_SAPC,HUMIERES_SAPC,62468001.0,2.223333,50.3915,127.0,62.0
HYERES,HYERES,83069001.0,6.147,43.1005,2.0,83.0
ILE_ROYALE,ILE_ROYALE,97304001.0,-52.583333,5.283333,48.0,973.0
ISSOIRE,ISSOIRE,63178001.0,3.262333,45.535333,372.0,63.0
ISTRES,ISTRES,13047002.0,4.988333,43.513333,44.0,13.0
JALOGNY_SAPC,JALOGNY_SAPC,71240001.0,4.651,46.402167,246.0,71.0
JEULESBOISAUTO,JEULESBOISAUTO,36089003.0,1.798333,46.661667,185.0,36.0
JOUELESTOURS,JOUELESTOURS,37122003.0,0.665333,47.337167,93.0,37.0
JOYEUSE,JOYEUSE,7110003.0,4.238333,44.48,160.0,7.0
KERGUELEN,KERGUELEN,98404001.0,70.243333,-49.352333,29.0,984.0
KERPERT,KERPERT,22092001.0,-3.147667,48.404,281.0,22.0
KOUROU_CSG,KOUROU_CSG,97304003.0,-52.748,5.209167,17.0,973.0
KOUROU_PLAGE,KOUROU_PLAGE,97304005.0,-52.6405,5.168167,3.0,973.0
LABLACHERE,LABLACHERE,7117002.0,4.208333,44.480833,295.0,7.0
LAMENTINAERO,LAMENTINAERO,97213004.0,-60.995667,14.595333,3.0,972.0
LANDESGENUSSON,LANDESGENUSSON,85119001.0,-1.1255,46.968333,100.0,85.0
LANOEBLANCHE,LANOEBLANCHE,35202001.0,-1.765,47.780167,89.0,35.0
LANTOSQUE_SAPC,LANTOSQUE_SAPC,6074005.0,7.307,43.972,550.0,6.0
LATRESNEINRAE,LATRESNEINRAE,33234002.0,-0.476667,44.78,63.0,33.0
LAVAUR,LAVAUR,81140001.0,1.821667,43.715,141.0,81.0
LA_BALME_SUR_CERDON_SAPC,LA_BALME_SUR_CERDON_SAPC,1200002.0,5.482,46.09,596.0,1.0
LA_CHAMPENOISE,LA_CHAMPENOISE,36037001.0,1.77,46.951667,177.0,36.0
LA_MONGIE_CLIM,LA_MONGIE_CLIM,65059019.0,0.179,42.909,1745.0,65.0
LA_MOTHE_ACHARD,LA_MOTHE_ACHARD,85152001.0,-1.633167,46.620833,58.0,85.0
LA_MOTTE_DU_CAIRE,LA_MOTTE_DU_CAIRE,4134002.0,6.0305,44.326667,665.0,4.0
LA_MURE_RADOME,LA_MURE_RADOME,38269004.0,5.786167,44.935,885.0,38.0
LA_PESSE,LA_PESSE,39413001.0,5.843,46.302833,1133.0,39.0
LA_ROCHELLEILE_DE_RE,LA_ROCHELLEILE_DE_RE,17300009.0,-1.193167,46.178,20.0,17.0
LA_ROCHE_SUR_YON,LA_ROCHE_SUR_YON,85191003.0,-1.381833,46.705,88.0,85.0
LA_SALLE_PRUNET,LA_SALLE_PRUNET,48186001.0,3.650667,44.315667,903.0,48.0
LA_SAUNIERE,LA_SAUNIERE,23169001.0,1.938,46.131833,446.0,23.0
LA_VACQUERIE_SAPC,LA_VACQUERIE_SAPC,34317001.0,3.457833,43.792,620.0,34.0
LA_WANTZENAU_SA,LA_WANTZENAU_SA,67519001.0,7.832333,48.634167,135.0,67.0
LERE,LERE,18125004.0,2.893167,47.457833,139.0,18.0
LESRICEYSCIVC,LESRICEYSCIVC,10317002.0,4.3305,47.981333,274.0,10.0
LES_PLANS,LES_PLANS,34205001.0,3.246167,43.786,846.0,34.0
LETOUQUET,LETOUQUET,62826001.0,1.622833,50.5145,5.0,62.0
LEVIER_SAPC,LEVIER_SAPC,25334001.0,6.124167,46.949333,713.0,25.0
LE_CASTELLET_SAPC,LE_CASTELLET_SAPC,83035002.0,5.770167,43.184,66.0,83.0
LE_CAYLAR_SAPC,LE_CAYLAR_SAPC,34064003.0,3.3085,43.867167,729.0,34.0
LE_HORPS,LE_HORPS,53116003.0,-0.440833,48.405667,268.0,53.0
LE_LIORAN_SAPC,LE_LIORAN_SAPC,15101004.0,2.747667,45.080833,1236.0,15.0
LE_LUART,LE_LUART,72172001.0,0.583333,48.076667,95.0,72.0
LE_MANS,LE_MANS,72181001.0,0.194167,47.945833,51.0,72.0
LE_MASSEGROS,LE_MASSEGROS,48094001.0,3.165667,44.295667,890.0,48.0
LE_MONTDORE_BG,LE_MONTDORE_BG,63236002.0,2.807,45.5745,1050.0,63.0
LE_MONTDORE_SAPC,LE_MONTDORE_SAPC,63236003.0,2.8125,45.551833,1220.0,63.0
LE_PERRIER,LE_PERRIER,85172001.0,-1.999833,46.8265,2.0,85.0
LE_PUYLOUDES,LE_PUYLOUDES,43062001.0,3.764,45.0745,833.0,43.0
LE_RAIZET_AERO,LE_RAIZET_AERO,97101015.0,-61.516333,16.264,11.0,971.0
LE_TECH_LA_LLAU_SAPC,LE_TECH_LA_LLAU_SAPC,66206004.0,2.5125,42.439833,927.0,66.0
LE_TOUR,LE_TOUR,74056003.0,6.946667,46.003333,1460.0,74.0
LIERGUES_SAPC,LIERGUES_SAPC,69114001.0,4.650333,45.9765,290.0,69.0
LIGNEVILLE,LIGNEVILLE,88271001.0,5.961167,48.160833,433.0,88.0
LIGRE,LIGRE,37129002.0,0.273,47.112333,67.0,37.0
LILLELESQUIN,LILLELESQUIN,59343001.0,3.0975,50.57,47.0,59.0
LIMERAY,LIMERAY,37131002.0,1.011833,47.461167,113.0,37.0
LIMOGESBELLEGARDE,LIMOGESBELLEGARDE,87085006.0,1.175,45.861167,402.0,87.0
LIMOGES_VILLE,LIMOGES_VILLE,87085009.0,1.2675,45.828667,252.0,87.0
LOMONT,LOMONT,25635001.0,6.625667,47.358667,820.0,25.0
LONGCHAMP,LONGCHAMP,21351001.0,5.286667,47.26,230.0,21.0
LONGEVILLES,LONGEVILLES,25348001.0,6.32,46.755,912.0,25.0
LONS_LE_SAUNIER,LONS_LE_SAUNIER,39362001.0,5.517667,46.692833,298.0,39.0
LOUARGAT,LOUARGAT,22135002.0,-3.305,48.573333,260.0,22.0
LOUDERVIELLE,LOUDERVIELLE,65283001.0,0.439667,42.7965,1587.0,65.0
LOUVIGNEDUDESERT,LOUVIGNEDUDESERT,35162003.0,-1.129833,48.479333,153.0,35.0
LUCENAY,LUCENAY,69122001.0,4.694833,45.905667,255.0,69.0
LUCENDIOIS,LUCENDIOIS,26167001.0,5.451,44.617333,537.0,26.0
LUS_L_CROIX_HTE,LUS_L_CROIX_HTE,26168001.0,5.710833,44.672833,1059.0,26.0
LYE,LYE,36107001.0,1.5,47.228333,130.0,36.0
LYONBRON,LYONBRON,69029001.0,4.949167,45.721333,202.0,69.0
LYONST_EXUPERY,LYONST_EXUPERY,69299001.0,5.077833,45.7265,235.0,69.0
L_AIGLE,L_AIGLE,61214002.0,0.662333,48.7585,232.0,61.0
MACON,MACON,71270004.0,4.83,46.308333,216.0,71.0
MAGENTA,MAGENTA,98818002.0,166.473667,-22.260333,3.0,988.0
MAGNACLAVAL,MAGNACLAVAL,87089003.0,1.187,46.209667,246.0,87.0
MAGNANVILLE,MAGNANVILLE,78354001.0,1.674167,48.963667,123.0,78.0
MAICHE,MAICHE,25356003.0,6.791,47.243,825.0,25.0
MAISONNAIS,MAISONNAIS,18135001.0,2.2235,46.672667,219.0,18.0
MANGAREVA,MANGAREVA,98719005.0,-134.965333,-23.130167,91.0,987.0
MANOSQUE,MANOSQUE,4112001.0,5.785,43.843333,380.0,4.0
MARCE,MARCE,49188001.0,-0.317,47.561833,53.0,49.0
MARCENAT,MARCENAT,15114002.0,2.833,45.302667,1075.0,15.0
MARCILLAC,MARCILLAC,19125001.0,2.039833,45.2835,598.0,19.0
MARIGNANA,MARIGNANA,20154001.0,8.655333,42.188833,515.0,20.0
MARIGNANE,MARIGNANE,13054001.0,5.216,43.437667,9.0,13.0
MARSANNE,MARSANNE,26176001.0,4.871667,44.643333,280.0,26.0
MARSAZ,MARSAZ,26177001.0,4.938667,45.113167,213.0,26.0
MARSEILLANINRAE,MARSEILLANINRAE,34150001.0,3.565333,43.328333,1.0,34.0
MARSEILLE,MARSEILLE,13055029.0,5.479167,43.310667,192.0,13.0
MARTIGNEBRIAND,MARTIGNEBRIAND,49191001.0,-0.435833,47.2525,73.0,49.0
MARVILLE_SAPC,MARVILLE_SAPC,28239002.0,1.371833,48.652667,153.0,28.0
MATOUR_SAPC,MATOUR_SAPC,71289001.0,4.480333,46.304,415.0,71.0
MAURS,MAURS,15122002.0,2.166,44.734167,480.0,15.0
MAXENT,MAXENT,35169001.0,-1.967833,47.980833,116.0,35.0
MEAILLES_SAPC,MEAILLES_SAPC,4115001.0,6.6295,44.031167,1090.0,4.0
MEAULTE,MEAULTE,80523001.0,2.703833,49.971833,107.0,80.0
MEJANNESLECLAP,MEJANNESLECLAP,30164001.0,4.331,44.216333,313.0,30.0
MELUN,MELUN,77306001.0,2.6795,48.610333,91.0,77.0
MENAT,MENAT,63223001.0,2.91,46.105167,410.0,63.0
MENTON,MENTON,6083005.0,7.488667,43.785833,216.0,6.0
MERCUROL,MERCUROL,26179001.0,4.8835,45.0585,153.0,26.0
METZFRESCATY,METZFRESCATY,57039001.0,6.125333,49.0695,192.0,57.0
MEYMAC,MEYMAC,19136001.0,2.145,45.536667,710.0,19.0
MEYTHET,MEYTHET,74182001.0,6.094,45.928167,455.0,74.0
MIERMAIGNE,MIERMAIGNE,28252002.0,0.99,48.253,267.0,28.0
MILLAU,MILLAU,12145001.0,3.0195,44.1185,712.0,12.0
MIRABEL_SA,MIRABEL_SA,7159001.0,4.497333,44.5815,275.0,7.0
MIRECOURTINRAE,MIRECOURTINRAE,88304006.0,6.123333,48.301667,289.0,88.0
MONTAGNIEU,MONTAGNIEU,1255002.0,5.469333,45.794333,336.0,1.0
MONTBARD_SAPC,MONTBARD_SAPC,21425001.0,4.3305,47.6285,209.0,21.0
MONTBELIARD,MONTBELIARD,25388002.0,6.813333,47.503667,318.0,25.0
MONTBELLAYINRAE,MONTBELLAYINRAE,49215002.0,-0.1415,47.13,58.0,49.0
MONTBEUGNY,MONTBEUGNY,3180001.0,3.423167,46.536333,275.0,3.0
MONTBOUCHERSJ,MONTBOUCHERSJ,26191001.0,4.824167,44.545,136.0,26.0
MONTCLAR_SAPC,MONTCLAR_SAPC,4126001.0,6.333333,44.391833,1197.0,4.0
MONTCLUS,MONTCLUS,30175001.0,4.430333,44.268,120.0,30.0
MONTDARDIER,MONTDARDIER,30176002.0,3.58,43.947,640.0,30.0
MONTDEMARSAN,MONTDEMARSAN,40192003.0,-0.5,43.89,39.0,40.0
MONTELIMAR,MONTELIMAR,26198001.0,4.733,44.581167,73.0,26.0
MONTIGNAC,MONTIGNAC,16226001.0,0.1015,45.777167,63.0,16.0
MONTMELIAN,MONTMELIAN,73171002.0,6.049167,45.493833,264.0,73.0
MONTMORILLON,MONTMORILLON,86165001.0,0.86,46.416667,152.0,86.0
MONTPELLIERAEROPORT,MONTPELLIERAEROPORT,34154001.0,3.964667,43.576167,1.0,34.0
MONTREDONLABESSONNIE,MONTREDONLABESSONNIE,81182004.0,2.3555,43.725,566.0,81.0
MONTREUIL,MONTREUIL,10255002.0,4.275833,48.217333,150.0,10.0
MONT_AIGOUAL,MONT_AIGOUAL,30339001.0,3.5815,44.121333,1567.0,30.0
MONT_ARBOIS,MONT_ARBOIS,74236002.0,6.669,45.855333,1833.0,74.0
MONT_DU_CHAT,MONT_DU_CHAT,73051001.0,5.8215,45.6605,1496.0,73.0
MORMOIRON,MORMOIRON,84082001.0,5.209667,44.072833,308.0,84.0
MORTEAU_SA,MORTEAU_SA,25411005.0,6.612167,47.062333,760.0,25.0
MOUTHOUMET,MOUTHOUMET,11260001.0,2.525,42.96,558.0,11.0
MTSTVINCENT,MTSTVINCENT,71320001.0,4.477,46.627667,601.0,71.0
MULHOUSE,MULHOUSE,68224006.0,7.288833,47.75,245.0,68.0
MUNSTER_SAPC,MUNSTER_SAPC,68226005.0,7.117333,48.047167,420.0,68.0
MURAT_SUR_VEBRE,MURAT_SUR_VEBRE,81192005.0,2.8255,43.633333,1022.0,81.0
MURS,MURS,36136001.0,1.168333,46.925,148.0,36.0
MURVIEL_LES_BEZIERS,MURVIEL_LES_BEZIERS,34178001.0,3.146,43.476,140.0,34.0
NAIZININRAE,NAIZININRAE,56144001.0,-2.8165,48.005333,132.0,56.0
NANCYESSEY,NANCYESSEY,54526001.0,6.2215,48.687833,212.0,54.0
NANCYOCHEY,NANCYOCHEY,54405001.0,5.959833,48.581,336.0,54.0
NANTESBOUGUENAIS,NANTESBOUGUENAIS,44020001.0,-1.608833,47.15,26.0,44.0
NARBONNE,NARBONNE,11262001.0,3.013333,43.183333,13.0,11.0
NAUSSAC,NAUSSAC,48105001.0,3.828333,44.748333,967.0,48.0
NICE,NICE,6088013.0,7.270667,43.6965,16.0,6.0
NICERIMIEZ,NICERIMIEZ,6088007.0,7.279167,43.738667,238.0,6.0
NIMESCOURBESSAC,NIMESCOURBESSAC,30189001.0,4.406333,43.856833,59.0,30.0
NIMESGARONS,NIMESGARONS,30258001.0,4.412833,43.772833,94.0,30.0
NOIRMOUTIER_EN,NOIRMOUTIER_EN,85163001.0,-2.257167,47.004667,3.0,85.0
NORTSURERDRE,NORTSURERDRE,44110002.0,-1.513667,47.425167,13.0,44.0
NOTREDAME_DE_BLIQUETUIT,NOTREDAME_DE_BLIQUETUIT,76473001.0,0.770667,49.494,4.0,76.0
NOYERS_SAPC,NOYERS_SAPC,89279002.0,3.949,47.682833,266.0,89.0
NYONS_P182,NYONS_P182,26220010.0,5.1155,44.359167,316.0,26.0
OCTEVILLE,OCTEVILLE,76481001.0,0.091667,49.533,90.0,76.0
OISEMONT_SAPC,OISEMONT_SAPC,80606002.0,1.77,49.956833,121.0,80.0
OPPEDE_CRETE_DU_PETIT_LUBERON,OPPEDE_CRETE_DU_PETIT_LUBERON,84086001.0,5.146,43.811,672.0,84.0
ORANGE,ORANGE,84087001.0,4.861,44.1445,57.0,84.0
ORCIVAL,ORCIVAL,63264001.0,2.833167,45.669167,1080.0,63.0
ORGNAC_AVEN,ORGNAC_AVEN,7168001.0,4.421667,44.288333,230.0,7.0
ORLY,ORLY,91027002.0,2.397,48.718,86.0,91.0
ORSENNES,ORSENNES,36146001.0,1.668333,46.465,315.0,36.0
ORTHEZ,ORTHEZ,64430001.0,-0.771667,43.49,87.0,64.0
ORVAL_RAD,ORVAL_RAD,18172003.0,2.467333,46.731,165.0,18.0
OUESSANTSTIFF,OUESSANTSTIFF,29155005.0,-5.057,48.473333,64.0,29.0
OUZOUERARVALIS,OUZOUERARVALIS,41173002.0,1.522167,47.904,129.0,41.0
PAGNYLECHATEAU,PAGNYLECHATEAU,21131001.0,5.190667,47.043167,182.0,21.0
PALAMINY,PALAMINY,31406002.0,1.05,43.2,243.0,31.0
PALLUAU,PALLUAU,85169002.0,-1.597667,46.808,51.0,85.0
PARASSY,PARASSY,18176001.0,2.5245,47.230333,257.0,18.0
PARISMONTSOURIS,PARISMONTSOURIS,75114001.0,2.337833,48.821667,75.0,75.0
PAULHAC_EN_MARGERIDE_SAPC,PAULHAC_EN_MARGERIDE_SAPC,48110001.0,3.38,44.947667,1170.0,48.0
PAUUZEIN,PAUUZEIN,64549001.0,-0.416333,43.385,183.0,64.0
PEGOMAS,PEGOMAS,6090002.0,6.936667,43.602667,109.0,6.0
PEIRA_CAVA,PEIRA_CAVA,6077006.0,7.363333,43.929167,1443.0,6.0
PEONE,PEONE,6094002.0,6.930833,44.099667,1784.0,6.0
PERPIGNAN,PERPIGNAN,66136004.0,2.885,42.701667,48.0,66.0
PEYRELEVADE,PEYRELEVADE,19164001.0,2.058667,45.701,827.0,19.0
PEYROLLES_EN_PROVENCE,PEYROLLES_EN_PROVENCE,13074003.0,5.607,43.656667,217.0,13.0
PEYRUSSEGRANDE,PEYRUSSEGRANDE,32315001.0,0.222,43.616667,254.0,32.0
PEZENASTOURBES,PEZENASTOURBES,34311001.0,3.400333,43.437667,40.0,34.0
PIC_DU_MIDI_OBSERVATOIRE,PIC_DU_MIDI_OBSERVATOIRE,,,,,
PIETRALBA,PIETRALBA,20223001.0,9.172,42.541,510.0,20.0
PILACANALE,PILACANALE,20232002.0,8.903667,41.8145,407.0,20.0
PIN_AU_HARASINRAE,PIN_AU_HARASINRAE,61328001.0,0.180833,48.725,202.0,61.0
PIONSAT,PIONSAT,63281001.0,2.687833,46.104833,524.0,63.0
PLAUZAT_SAPC,PLAUZAT_SAPC,63282001.0,3.133667,45.632333,503.0,63.0
PLESSISBELLEVILLE,PLESSISBELLEVILLE,60500004.0,2.737167,49.106,116.0,60.0
PLEUCADEUC,PLEUCADEUC,56159001.0,-2.387167,47.7655,65.0,56.0
PLEYBERCHRIST_SA,PLEYBERCHRIST_SA,29163003.0,-3.8535,48.5,147.0,29.0
PLOERMEL,PLOERMEL,56165003.0,-2.3975,47.950833,65.0,56.0
PLOUGUENAST,PLOUGUENAST,22219001.0,-2.708333,48.28,150.0,22.0
POINVILLE,POINVILLE,28300002.0,1.8945,48.1735,130.0,28.0
PONS,PONS,4195001.0,6.61,44.386667,1132.0,4.0
PONTARLIER,PONTARLIER,25462001.0,6.32,46.927,808.0,25.0
PONTIVY,PONTIVY,56178002.0,-2.848333,48.083333,59.0,56.0
PONTOISE_AERO,PONTOISE_AERO,95078001.0,2.0285,49.090333,87.0,95.0
PONTORSON,PONTORSON,50410002.0,-1.503333,48.576667,10.0,50.0
PORQUEROLLES,PORQUEROLLES,83069002.0,6.226833,43.0,135.0,83.0
POUILLY_EN_AUX_SAPC,POUILLY_EN_AUX_SAPC,21501003.0,4.561,47.251333,412.0,21.0
POUZAUGES_SA,POUZAUGES_SA,85182004.0,-0.830833,46.766,153.0,85.0
PRADES_LE_LEZ,PRADES_LE_LEZ,34217001.0,3.866667,43.718333,69.0,34.0
PREAUX_SA,PREAUX_SA,7185001.0,4.665,45.14,525.0,7.0
PREMERY,PREMERY,58218005.0,3.33,47.171667,238.0,58.0
PUJAUT,PUJAUT,30209001.0,4.775,44.005,110.0,30.0
PUYCELSI,PUYCELSI,81217002.0,1.680667,43.981,260.0,81.0
PUYSTMARTIN,PUYSTMARTIN,26258001.0,4.976833,44.618167,211.0,26.0
PUYVILLE,PUYVILLE,43157004.0,3.8895,45.0415,620.0,43.0
QUENZA,QUENZA,20254006.0,9.142833,41.777667,932.0,20.0
QUIMPER,QUIMPER,29232002.0,-4.108333,47.995,60.0,29.0
QUINCY_SA,QUINCY_SA,18190002.0,2.137833,47.136333,128.0,18.0
QUINTENIC,QUINTENIC,22261002.0,-2.42,48.519167,71.0,22.0
RADINGHEM,RADINGHEM,62685001.0,2.113667,50.549167,115.0,62.0
RAPA,RAPA,98741001.0,-144.334833,-27.618333,2.0,987.0
REIGNAC,REIGNAC,37192001.0,0.899,47.219333,90.0,37.0
REMUZAT,REMUZAT,26264002.0,5.367,44.431667,475.0,26.0
RENNESST_JACQUES,RENNESST_JACQUES,35281001.0,-1.734,48.068833,36.0,35.0
RENNO,RENNO,20258001.0,8.807167,42.190167,755.0,20.0
REUILLY,REUILLY,36171002.0,2.026667,47.076667,155.0,36.0
RIBIERS,RIBIERS,5118003.0,5.855,44.2355,520.0,5.0
RIMPLAS_SAPC,RIMPLAS_SAPC,6102001.0,7.1335,44.067167,1130.0,6.0
RIOUX_MARTIN,RIOUX_MARTIN,16279001.0,0.003333,45.262,81.0,16.0
RISTOLAS,RISTOLAS,5120002.0,6.9845,44.765667,1670.0,5.0
ROBERTPTE_FORT,ROBERTPTE_FORT,97222002.0,-60.9255,14.679667,16.0,972.0
ROCHEFORTSAMSON_SAPC,ROCHEFORTSAMSON_SAPC,26273002.0,5.165167,44.990667,368.0,26.0
ROCROI,ROCROI,8367002.0,4.53,49.918667,382.0,8.0
RODALBE,RODALBE,57587003.0,6.693167,48.909833,258.0,57.0
RODEZAVEYRON,RODEZAVEYRON,12254001.0,2.4825,44.410333,578.0,12.0
ROISSY,ROISSY,95527001.0,2.534333,49.015167,108.0,95.0
ROMANS_SAPC,ROMANS_SAPC,26281001.0,4.998667,45.050167,156.0,26.0
ROMORANTIN,ROMORANTIN,41194001.0,1.746667,47.36,104.0,41.0
ROUENBOOS,ROUENBOOS,76116001.0,1.178333,49.3895,156.0,76.0
ROUJANINRAE,ROUJANINRAE,34237001.0,3.321333,43.491667,73.0,34.0
ROUVROYENSANTERRE,ROUVROYENSANTERRE,80682001.0,2.698333,49.765167,95.0,80.0
ROZIERENDONZY,ROZIERENDONZY,42193001.0,4.278333,45.803833,530.0,42.0
RULLY,RULLY,71378001.0,4.744167,46.8665,240.0,71.0
SABRES,SABRES,40246003.0,-0.859,44.153667,81.0,40.0
SAINTCASTLEG,SAINTCASTLEG,22282001.0,-2.247,48.6445,35.0,22.0
SAINTETIENNE,SAINTETIENNE,42218010.0,4.261667,45.443333,410.0,42.0
SAINTE_GEMME_LA_PLAINE_SAPC,SAINTE_GEMME_LA_PLAINE_SAPC,85216001.0,-1.121333,46.440167,3.0,85.0
SAINT_BRIEUC,SAINT_BRIEUC,22278005.0,-2.735667,48.506167,84.0,22.0
SAINT_LAURENT,SAINT_LAURENT,97311001.0,-54.031667,5.4855,5.0,973.0
SAINT_PRIVE,SAINT_PRIVE,89365001.0,2.985333,47.658,198.0,89.0
SALINDRES,SALINDRES,30305001.0,4.1525,44.1745,191.0,30.0
SALLENELLES,SALLENELLES,14665001.0,-0.234667,49.264167,7.0,14.0
SALLES_DE_BARB,SALLES_DE_BARB,16360001.0,-0.111667,45.45,71.0,16.0
SALON_DE_PROVENCE,SALON_DE_PROVENCE,13103001.0,5.108,43.612833,58.0,13.0
SAMPOLO,SAMPOLO,20268001.0,9.123,41.943,837.0,20.0
SANCERRE,SANCERRE,18241002.0,2.799,47.336167,240.0,18.0
SARI_DORCINO,SARI_DORCINO,20270001.0,8.802333,42.0785,407.0,20.0
SARTENE,SARTENE,20272004.0,8.979333,41.652333,62.0,20.0
SAUGUESSA,SAUGUESSA,43234005.0,3.539833,44.966167,945.0,43.0
SAULCESCHAMPENOISES,SAULCESCHAMPENOISES,8401001.0,4.4925,49.423833,147.0,8.0
SAULTY,SAULTY,62784001.0,2.522167,50.222167,174.0,62.0
SAUNAY,SAUNAY,37240001.0,0.931333,47.590333,109.0,37.0
SAUXILLANGES,SAUXILLANGES,63415001.0,3.368833,45.551333,460.0,63.0
SAVENES,SAVENES,82178002.0,1.175,43.824167,156.0,82.0
SAVIGNY_CLAIRIS,SAVIGNY_CLAIRIS,89380001.0,3.104,48.0865,184.0,89.0
SAVIGNY_VERON,SAVIGNY_VERON,37242002.0,0.149333,47.227,33.0,37.0
SAVOILLAN,SAVOILLAN,84125003.0,5.375167,44.179833,510.0,84.0
SAYAT_SAPC,SAYAT_SAPC,63417001.0,3.045167,45.839667,550.0,63.0
SCHEIBENHARD,SCHEIBENHARD,67443001.0,8.1455,48.964167,144.0,67.0
SEDERON,SEDERON,26340001.0,5.538833,44.202333,804.0,26.0
SEGONZAC_SAPC,SEGONZAC_SAPC,16366001.0,-0.2235,45.6145,62.0,16.0
SEGRE_SAPC,SEGRE_SAPC,49331003.0,-0.873333,47.679167,25.0,49.0
SEINGBOUSE,SEINGBOUSE,57644001.0,6.831,49.127667,347.0,57.0
SEMUR_EN_AUXOIS_SAPC,SEMUR_EN_AUXOIS_SAPC,21603001.0,4.34,47.482,314.0,21.0
SENOUILLAC,SENOUILLAC,81283001.0,1.94,43.948333,185.0,81.0
SETE,SETE,34301002.0,3.692167,43.397333,75.0,34.0
SEVRY,SEVRY,18251001.0,2.804667,47.138,205.0,18.0
SIBIRIL_S_A,SIBIRIL_S_A,29276001.0,-4.0775,48.660333,58.0,29.0
SIZUN,SIZUN,29277001.0,-4.0205,48.391333,157.0,29.0
SOCOA,SOCOA,64189001.0,-1.6865,43.3945,21.0,64.0
SOLENZARA,SOLENZARA,20342001.0,9.400833,41.921833,12.0,20.0
SONZAY,SONZAY,37249001.0,0.470667,47.5185,117.0,37.0
SOSPEL,SOSPEL,6136005.0,7.433667,43.862833,843.0,6.0
SOUMONT,SOUMONT,34306001.0,3.3475,43.707,252.0,34.0
SOURCE_DU_DOUBS,SOURCE_DU_DOUBS,25413002.0,6.2095,46.707,940.0,25.0
SOURS_SAPC,SOURS_SAPC,28380003.0,1.555167,48.406333,147.0,28.0
SPEZET,SPEZET,29278001.0,-3.7295,48.1735,138.0,29.0
STAMANDMTROND,STAMANDMTROND,18197004.0,2.502833,46.737333,177.0,18.0
STATTMATTEN_SA,STATTMATTEN_SA,67476002.0,8.002333,48.795167,121.0,67.0
STAUBAN,STAUBAN,26292002.0,5.409833,44.294833,625.0,26.0
STBARTHELEMY_AERO,STBARTHELEMY_AERO,97123005.0,-62.838,17.902833,3.0,971.0
STCHAMONDP,STCHAMONDP,42207005.0,4.534167,45.491,394.0,42.0
STCHRISTOPHEL_SAPC,STCHRISTOPHEL_SAPC,26298001.0,5.071833,45.229333,452.0,26.0
STCHRISTOPHESURNAIS,STCHRISTOPHESURNAIS,37213003.0,0.464333,47.6155,107.0,37.0
STCOMEDOLT,STCOMEDOLT,12216001.0,2.827833,44.514667,380.0,12.0
STEANNE_COLLEGE,STEANNE_COLLEGE,97128009.0,-61.377333,16.229,4.0,971.0
STEENVOORDE,STEENVOORDE,59580001.0,2.581667,50.808333,25.0,59.0
STEPAIN,STEPAIN,37216002.0,0.604833,47.157167,112.0,37.0
STETIENNE_CT,STETIENNE_CT,42218008.0,4.389667,45.466667,482.0,42.0
STETIENN_MET,STETIENN_MET,42218007.0,4.417667,45.421833,590.0,42.0
STE_ENIMIE,STE_ENIMIE,48146002.0,3.4125,44.363833,480.0,48.0
STE_MARIE_DU_MO,STE_MARIE_DU_MO,50509002.0,-1.168333,49.4045,5.0,50.0
STGENESCHPLLEINRAE,STGENESCHPLLEINRAE,63345002.0,3.019333,45.723,893.0,63.0
STGEORGESREN,STGEORGESREN,69206001.0,4.710833,46.058167,190.0,69.0
STGERMAINL_AR,STGERMAINL_AR,69208001.0,4.6045,45.869333,370.0,69.0
STGERMAINL_HE,STGERMAINL_HE,63353003.0,3.532667,45.461,1070.0,63.0
STGERVAISD_AU,STGERVAISD_AU,63354004.0,2.803833,46.032667,705.0,63.0
STHILAIRE,STHILAIRE,38395001.0,5.884,45.307833,970.0,38.0
STJEAND_ARDIE,STJEAND_ARDIE,69211001.0,4.702667,46.117667,240.0,69.0
STJOSEPH_LEZARD,STJOSEPH_LEZARD,97224004.0,-60.9985,14.6585,65.0,972.0
STJUSTENCHEV,STJUSTENCHEV,42248002.0,3.844167,45.9085,612.0,42.0
STLAURENT_PREEINRAE,STLAURENT_PREEINRAE,17353001.0,-1.027,45.988333,3.0,17.0
STLEGER_SAPC,STLEGER_SAPC,78562001.0,1.745833,48.706667,176.0,78.0
STMARCELLESVINRAE,STMARCELLESVINRAE,26313001.0,4.931333,44.980167,190.0,26.0
STMARCEL_ANNONAY,STMARCEL_ANNONAY,7265001.0,4.642,45.296,494.0,7.0
STMARDS,STMARDS,10350001.0,3.789,48.169833,227.0,10.0
STMARTINMER,STMARTINMER,21560001.0,4.260833,47.238167,521.0,21.0
STMARTIN_GRANDCASE,STMARTIN_GRANDCASE,97127004.0,-63.048,18.100667,5.0,971.0
STMAURICELESCOUCHES_SAPC,STMAURICELESCOUCHES_SAPC,71464001.0,4.594833,46.881833,300.0,71.0
STNICOLAS,STNICOLAS,82169001.0,1.026667,44.055,82.0,82.0
STNICOLASDEBOURGUEIL,STNICOLASDEBOURGUEIL,37228001.0,0.107833,47.29,44.0,37.0
STPIERRE,STPIERRE,48176001.0,3.3,44.246667,860.0,48.0
STPRIVAT,STPRIVAT,19237001.0,2.096,45.139,585.0,19.0
STRASBOURGENTZHEIM,STRASBOURGENTZHEIM,67124001.0,7.640333,48.5495,150.0,67.0
STRASBOURG_BOTANIQUE,STRASBOURG_BOTANIQUE,67482001.0,7.768833,48.581833,139.0,67.0
ST_ANDRE,ST_ANDRE,58229001.0,3.845,47.398333,275.0,58.0
ST_ANDRE_DE_SANGONIS,ST_ANDRE_DE_SANGONIS,34239002.0,3.507833,43.664167,86.0,34.0
ST_AUBAN,ST_AUBAN,4049001.0,5.989667,44.062167,458.0,4.0
ST_BENOIT,ST_BENOIT,11333001.0,2.0455,43.004,601.0,11.0
ST_BRIEUC,ST_BRIEUC,22372001.0,-2.852,48.534667,135.0,22.0
ST_CHRISTOL,ST_CHRISTOL,84107002.0,5.492833,44.040667,836.0,84.0
ST_CREPIN,ST_CREPIN,24392001.0,1.276667,44.958333,270.0,24.0
ST_ETIENNEBOUTHEON,ST_ETIENNEBOUTHEON,42005001.0,4.293833,45.545667,395.0,42.0
ST_ETIENNE_DE_TINEE_SAPC,ST_ETIENNE_DE_TINEE_SAPC,6120004.0,6.921167,44.257667,1150.0,6.0
ST_GATIEN_DES_B,ST_GATIEN_DES_B,14578001.0,0.167,49.3645,139.0,14.0
ST_GERVAIS,ST_GERVAIS,33415001.0,-0.472667,45.027167,42.0,33.0
ST_GIRONS,ST_GIRONS,9289001.0,1.106833,43.005333,414.0,9.0
ST_JEANSTNICOLAS,ST_JEANSTNICOLAS,5145002.0,6.209833,44.670833,1210.0,5.0
ST_JEAN_DE_MINERVOIS,ST_JEAN_DE_MINERVOIS,34269001.0,2.857667,43.385667,258.0,34.0
ST_JEAN_DU_GARD,ST_JEAN_DU_GARD,30269006.0,3.872,44.1105,196.0,30.0
ST_JULIEN_SA,ST_JULIEN_SA,39485002.0,5.448,46.385167,361.0,39.0
ST_MARTIAL,ST_MARTIAL,30283001.0,3.7345,44.035833,483.0,30.0
ST_MARTIN_DENTRAUNES_SAPC,ST_MARTIN_DENTRAUNES_SAPC,6125001.0,6.747,44.154667,1642.0,6.0
ST_MARTIN_DE_LONDRES,ST_MARTIN_DE_LONDRES,34274001.0,3.729333,43.7795,214.0,34.0
ST_MARTIN_VESUBIE,ST_MARTIN_VESUBIE,6127003.0,7.258167,44.073667,1044.0,6.0
ST_MAURICE,ST_MAURICE,88426001.0,6.823333,47.856667,660.0,88.0
ST_MAXIMINOLLI,ST_MAXIMINOLLI,83116004.0,5.851167,43.480667,295.0,83.0
ST_MAXIMIN_LA_STE_BAUME,ST_MAXIMIN_LA_STE_BAUME,83116022.0,5.847833,43.4775,294.0,83.0
ST_M_HINX_STNAINRAE,ST_M_HINX_STNAINRAE,40272002.0,-1.299333,43.570833,37.0,40.0
ST_NAZAIREMONTOIR,ST_NAZAIREMONTOIR,44103001.0,-2.1545,47.313833,3.0,44.0
ST_PAUL_DE_FENOUILLET,ST_PAUL_DE_FENOUILLET,66187006.0,2.485333,42.8205,300.0,66.0
ST_PONCY_SAPC,ST_PONCY_SAPC,15207002.0,3.174167,45.178333,805.0,15.0
ST_QUENTIN,ST_QUENTIN,2320001.0,3.206,49.818333,98.0,2.0
ST_ROMANDIOIS,ST_ROMANDIOIS,26327001.0,5.428333,44.693833,545.0,26.0
ST_SAUVEUR_CAMPRIEU,ST_SAUVEUR_CAMPRIEU,30297001.0,3.4745,44.119333,1107.0,30.0
ST_SIGISMOND,ST_SIGISMOND,74252001.0,6.612167,46.076333,1020.0,74.0
ST_SULPICE_DE_POMMIERS,ST_SULPICE_DE_POMMIERS,33482001.0,-0.12,44.683833,82.0,33.0
ST_SYLVAIN_SAPC,ST_SYLVAIN_SAPC,14659001.0,-0.234333,49.06,62.0,14.0
ST_THIERRYCIVC,ST_THIERRYCIVC,51518001.0,3.960667,49.300833,135.0,51.0
ST_YAN,ST_YAN,71491001.0,4.0165,46.408333,242.0,71.0
ST_YRIEIX_LA_PE,ST_YRIEIX_LA_PE,87187003.0,1.243833,45.513667,404.0,87.0
SUBLAINES,SUBLAINES,37253001.0,0.993167,47.265,111.0,37.0
TANUS,TANUS,81292001.0,2.279667,44.107167,537.0,81.0
TARASCON,TARASCON,13108002.0,4.666667,43.805,102.0,13.0
TARBESLOURDESPYRENEES,TARBESLOURDESPYRENEES,65344001.0,0.0,43.188,360.0,65.0
TAULIGNAN,TAULIGNAN,26348001.0,4.989833,44.430167,257.0,26.0
TAUVES,TAUVES,63426001.0,2.595667,45.544667,851.0,63.0
TAVAUX_SA,TAVAUX_SA,39526003.0,5.427333,47.043833,195.0,39.0
TENDU_SAPC,TENDU_SAPC,36219001.0,1.588333,46.6615,155.0,36.0
THAUVENAY_SA,THAUVENAY_SA,18262002.0,2.8615,47.302,195.0,18.0
THEIX,THEIX,63345001.0,3.016667,45.7,820.0,63.0
THENEZAY_STNA,THENEZAY_STNA,79326004.0,-0.020333,46.725333,132.0,79.0
TICHEVILLE_SAPC,TICHEVILLE_SAPC,61485002.0,0.245,48.913,225.0,61.0
TONNERRE_JOUDRE,TONNERRE_JOUDRE,89418007.0,3.995,47.868167,200.0,89.0
TORCY,TORCY,71540001.0,4.466667,46.766667,322.0,71.0
TOUHO_AEROD,TOUHO_AEROD,98830002.0,165.2545,-20.789333,2.0,988.0
TOULON,TOULON,83137001.0,5.900667,43.115833,3.0,83.0
TOULOUSEBLAGNAC,TOULOUSEBLAGNAC,31069001.0,1.378833,43.621,151.0,31.0
TOURRETTES_SUR_LOUP,TOURRETTES_SUR_LOUP,6148001.0,7.055833,43.708167,311.0,6.0
TOURS,TOURS,37179001.0,0.727333,47.4445,108.0,37.0
TOUSSUS_LE_NOBLE,TOUSSUS_LE_NOBLE,78620001.0,2.1135,48.750667,154.0,78.0
TRAPPES,TRAPPES,78621001.0,2.009833,48.774333,167.0,78.0
TREGUNC,TREGUNC,29293001.0,-3.868833,47.841333,25.0,29.0
TRESSERRE,TRESSERRE,66214001.0,2.826667,42.545,148.0,66.0
TRETS,TRETS,13110003.0,5.698667,43.445333,264.0,13.0
TRINITECARAVEL,TRINITECARAVEL,97230001.0,-60.875333,14.7745,26.0,972.0
TROISEPIS_SAPC,TROISEPIS_SAPC,68338001.0,7.231,48.1015,656.0,68.0
TROYESBARBEREY,TROYESBARBEREY,10030001.0,4.02,48.324667,112.0,10.0
TULLE,TULLE,19272001.0,1.740333,45.2425,235.0,19.0
TUSSON,TUSSON,16390001.0,0.062167,45.949,88.0,16.0
URDOS_RN134,URDOS_RN134,64542006.0,-0.559167,42.823833,1074.0,64.0
URGONS,URGONS,40321001.0,-0.441667,43.65,150.0,40.0
USINENS_SA,USINENS_SA,74285002.0,5.8445,46.013,452.0,74.0
USSELCOUZERGUES,USSELCOUZERGUES,19275005.0,2.296667,45.558333,670.0,19.0
USSELLES_PLAINES,USSELLES_PLAINES,19275004.0,2.281667,45.527667,670.0,19.0
UZERCHE,UZERCHE,19276006.0,1.568167,45.396333,422.0,19.0
VAILLY_SAULDRE,VAILLY_SAULDRE,18269003.0,2.615833,47.453833,226.0,18.0
VALBONNESOPHIA,VALBONNESOPHIA,6152002.0,7.0285,43.623167,238.0,6.0
VALDROME,VALDROME,26361001.0,5.576667,44.505333,786.0,26.0
VALENCECHABEUI,VALENCECHABEUI,26064001.0,4.971833,44.914833,163.0,26.0
VALENSOLE,VALENSOLE,4230002.0,5.986667,43.843333,545.0,4.0
VALLORCINE_PLANDROIT,VALLORCINE_PLANDROIT,74290002.0,6.919167,46.0205,1326.0,74.0
VAL_DISERE_JOS,VAL_DISERE_JOS,73304005.0,6.978167,45.444833,1850.0,73.0
VANNESSENE,VANNESSENE,56243001.0,-2.714167,47.6045,3.0,56.0
VARENNESSTSA,VARENNESSTSA,71558001.0,5.255333,46.529333,207.0,71.0
VASSINCOURT,VASSINCOURT,55531001.0,5.033167,48.808667,187.0,55.0
VAUBADON,VAUBADON,14727001.0,-0.835333,49.21,105.0,14.0
VAUVENARGUES,VAUVENARGUES,13111002.0,5.68,43.551,565.0,13.0
VAUVILLERS,VAUVILLERS,80781001.0,2.711,49.834167,85.0,80.0
VAUXRENARD,VAUXRENARD,69258001.0,4.6285,46.217,740.0,69.0
VENISEY,VENISEY,70545001.0,5.990167,47.836,243.0,70.0
VERNET_LES_BAINS,VERNET_LES_BAINS,66222003.0,2.386667,42.548333,630.0,66.0
VERTUSCIVC,VERTUSCIVC,51612003.0,3.995333,48.9025,150.0,51.0
VERT_TOULONCIVC,VERT_TOULONCIVC,51611001.0,3.906,48.84,155.0,51.0
VICHYCHARMEIL,VICHYCHARMEIL,3060001.0,3.398667,46.166667,249.0,3.0
VIDAUBAN,VIDAUBAN,83148002.0,6.525,43.386667,282.0,83.0
VIERZON,VIERZON,18279005.0,2.073167,47.237833,155.0,18.0
VILLACOUBLAY,VILLACOUBLAY,78640001.0,2.204,48.7725,174.0,78.0
VILLAR_DARENE,VILLAR_DARENE,5181002.0,6.361667,45.030833,1665.0,5.0
VILLAR_ST_PANCRACE,VILLAR_ST_PANCRACE,5183001.0,6.640333,44.880333,1310.0,5.0
VILLEFORT,VILLEFORT,48198001.0,3.928333,44.441667,620.0,48.0
VILLEMURLIN,VILLEMURLIN,45340002.0,2.366167,47.6935,144.0,45.0
VILLENAVE_DORNONINRAE,VILLENAVE_DORNONINRAE,33550001.0,-0.576667,44.79,25.0,33.0
VILLETTE,VILLETTE,75119002.0,2.336667,48.868333,57.0,75.0
VILLIERSLEBAC,VILLIERSLEBAC,91679001.0,2.1115,48.730333,147.0,91.0
VINON_SUR_VERDON,VINON_SUR_VERDON,83150002.0,5.782667,43.734,271.0,83.0
VINSOBRES,VINSOBRES,26377002.0,5.058333,44.283333,210.0,26.0
VIRE_HIPPODROME,VIRE_HIPPODROME,14762004.0,-0.899,48.850833,100.0,14.0
VITROLLES,VITROLLES,5184002.0,5.951667,44.408667,595.0,5.0
VITRYLECROISECIVC,VITRYLECROISECIVC,10438001.0,4.554167,48.144333,237.0,10.0
VIVES,VIVES,66233001.0,2.760833,42.5365,261.0,66.0
VOLMUNSTER,VOLMUNSTER,57732001.0,7.381833,49.124,358.0,57.0
VOUTEZAC,VOUTEZAC,19288004.0,1.416,45.279833,124.0,19.0
WALTENHEIMSURZORN,WALTENHEIMSURZORN,67516001.0,7.61,48.7435,252.0,67.0
